{
    "binance_01" : {
        "exchange": "binance",
        "key": "key",
        "secret": "secret",
        "telegram": {
            "enabled": false,
            "notify_entry_fill": true,
            "notify_close_fill": true,
            "token": "bot_token",
            "chat_id": "chat_id"
        }
    },
    "binance_02" : {
        "exchange": "binance",
        "key": "key",
        "secret": "secret"
    },
    "bybit_01" : {
        "exchange": "bybit",
        "key": "key",
        "secret": "secret"
    }
}
